num_clients,degree,update_len,threshold,num_dropouts,iteration,setup_us,phase1_mask_us,phase2_cc_value_us,phase3_cc_verify_us,phase4_shares_us,total_node_us
50,34,1024,18,0,1,98.370,634.301,41.680,945.871,2464744.765,2466366.617
50,34,1024,18,0,2,0.000,598.650,35.130,1006.271,2463759.125,2465399.176
50,34,1024,18,0,3,0.000,595.061,34.870,943.631,2462525.283,2464098.845
50,34,1024,18,0,4,0.000,600.020,36.490,944.641,2463530.384,2465111.535
50,34,1024,18,0,5,0.000,606.371,33.840,944.520,2463073.704,2464658.435
50,34,1024,18,0,6,0.000,639.181,35.380,943.571,2462506.903,2464125.035
50,34,1024,18,0,7,0.000,579.401,34.510,948.901,2462249.443,2463812.255
50,34,1024,18,0,8,0.000,604.671,35.090,940.991,2466346.167,2467926.919
50,34,1024,18,0,9,0.000,600.101,35.990,943.131,2463099.013,2464678.235
50,34,1024,18,0,10,0.000,594.211,34.400,944.371,2461924.232,2463497.214
50,34,1024,18,0,11,0.000,595.011,33.990,942.071,2462073.192,2463644.264
50,34,1024,18,0,12,0.000,599.321,32.950,944.271,2463019.973,2464596.515
50,34,1024,18,0,13,0.000,592.320,35.760,943.031,2462009.263,2463580.374
50,34,1024,18,0,14,0.000,598.101,34.660,944.891,2466086.356,2467664.008
50,34,1024,18,0,15,0.000,602.101,35.880,1073.121,2466471.807,2468182.909
50,34,1024,18,0,16,0.000,588.820,34.940,946.021,2463454.594,2465024.375
50,34,1024,18,0,17,0.000,639.931,34.850,944.961,2464321.495,2465941.237
50,34,1024,18,0,18,0.000,605.991,37.760,997.211,2465202.516,2466843.478
50,34,1024,18,0,19,0.000,595.691,32.420,986.051,2464369.925,2465984.087
50,34,1024,18,0,20,0.000,646.930,35.080,941.471,2462457.343,2464080.824
50,34,1024,18,0,21,0.000,600.631,34.810,942.981,2464890.095,2466468.517
50,34,1024,18,0,22,0.000,605.130,36.840,990.361,2466550.457,2468182.788
50,34,1024,18,0,23,0.000,610.521,35.880,943.781,2464844.615,2466434.797
50,34,1024,18,0,24,0.000,598.680,35.470,942.201,2463998.575,2465574.926
50,34,1024,18,0,25,0.000,602.120,35.180,941.331,2461909.903,2463488.534
50,34,1024,18,0,26,0.000,598.380,34.511,944.950,2466301.307,2467879.148
50,34,1024,18,0,27,0.000,595.471,33.150,946.610,2462673.864,2464249.095
50,34,1024,18,0,28,0.000,656.080,38.180,939.981,2463770.405,2465404.646
50,34,1024,18,0,29,0.000,599.050,34.260,941.971,2463266.954,2464842.235
50,34,1024,18,0,30,0.000,639.110,34.090,945.171,2463003.914,2464622.285
100,40,1024,21,0,1,85.000,586.311,34.960,1025.991,2907752.380,2909399.642
100,40,1024,21,0,2,0.000,589.571,35.660,945.141,2897807.830,2899378.202
100,40,1024,21,0,3,0.000,589.230,79.020,950.501,2902011.435,2903630.186
100,40,1024,21,0,4,0.000,568.730,34.010,998.971,2900096.753,2901698.464
100,40,1024,21,0,5,0.000,567.991,35.980,1002.281,2904671.507,2906277.759
100,40,1024,21,0,6,0.000,593.251,33.750,945.381,2903337.336,2904909.718
100,40,1024,21,0,7,0.000,593.780,32.750,939.141,2899832.493,2901398.164
100,40,1024,21,0,8,0.000,582.001,32.840,944.391,2899473.532,2901032.764
100,40,1024,21,0,9,0.000,589.830,35.290,941.861,2900700.654,2902267.635
100,40,1024,21,0,10,0.000,589.290,34.570,944.631,2903676.917,2905245.408
100,40,1024,21,0,11,0.000,582.080,35.420,942.721,2903361.366,2904921.587
100,40,1024,21,0,12,0.000,590.090,33.560,943.511,2899955.633,2901522.794
100,40,1024,21,0,13,0.000,584.431,37.340,941.261,2900542.793,2902105.825
100,40,1024,21,0,14,0.000,579.240,35.770,940.521,2901916.335,2903471.866
100,40,1024,21,0,15,0.000,597.720,36.510,940.171,2903517.766,2905092.167
100,40,1024,21,0,16,0.000,596.240,34.810,1030.101,2899878.563,2901539.714
100,40,1024,21,0,17,0.000,595.651,35.480,937.901,2903592.896,2905161.928
100,40,1024,21,0,18,0.000,600.881,36.570,987.121,2903406.076,2905030.648
100,40,1024,21,0,19,0.000,587.051,34.920,942.791,2902946.135,2904510.897
100,40,1024,21,0,20,0.000,594.061,34.850,944.710,2901484.315,2903057.936
100,40,1024,21,0,21,0.000,589.190,35.560,942.061,2900705.094,2902271.905
100,40,1024,21,0,22,0.000,634.190,34.430,943.061,2899858.343,2901470.024
100,40,1024,21,0,23,0.000,601.490,35.710,995.051,2905176.158,2906808.409
100,40,1024,21,0,24,0.000,588.601,34.290,943.441,2901888.024,2903454.356
100,40,1024,21,0,25,0.000,578.511,31.920,940.801,2904303.697,2905854.929
100,40,1024,21,0,26,0.000,580.471,35.960,944.110,2900918.024,2902478.565
100,40,1024,21,0,27,0.000,584.721,34.800,997.151,2903223.466,2904840.138
100,40,1024,21,0,28,0.000,586.871,34.990,941.271,2901749.554,2903312.686
100,40,1024,21,0,29,0.000,606.101,38.560,940.271,2904124.897,2905709.829
100,40,1024,21,0,30,0.000,588.621,35.540,944.501,2901814.374,2903383.036
150,44,1024,23,0,1,85.061,598.970,36.200,939.461,3190295.432,3191870.063
150,44,1024,23,0,2,0.000,587.411,33.860,945.740,3187981.420,3189548.431
150,44,1024,23,0,3,0.000,640.900,37.030,939.621,3191398.133,3193015.684
150,44,1024,23,0,4,0.000,592.510,39.170,939.831,3189737.551,3191309.062
150,44,1024,23,0,5,0.000,589.410,34.540,944.831,3186813.098,3188381.879
150,44,1024,23,0,6,0.000,593.051,33.700,982.521,3188887.660,3190496.932
150,44,1024,23,0,7,0.000,590.500,34.890,993.131,3185808.737,3187427.258
150,44,1024,23,0,8,0.000,593.221,37.450,943.241,3189390.180,3190964.092
150,44,1024,23,0,9,0.000,579.021,34.810,943.341,3187627.979,3189185.151
150,44,1024,23,0,10,0.000,645.061,38.810,943.411,3189808.911,3191436.193
150,44,1024,23,0,11,0.000,592.690,36.230,1021.391,3188788.410,3190438.721
150,44,1024,23,0,12,0.000,580.520,35.810,939.861,3191936.923,3193493.114
150,44,1024,23,0,13,0.000,586.400,35.030,943.501,3186750.868,3188315.799
150,44,1024,23,0,14,0.000,590.670,34.750,941.581,3187782.169,3189349.170
150,44,1024,23,0,15,0.000,595.860,35.010,941.841,3188702.210,3190274.921
150,44,1024,23,0,16,0.000,577.600,33.650,943.741,3187517.719,3189072.710
150,44,1024,23,0,17,0.000,701.821,36.070,940.911,3186711.148,3188389.950
150,44,1024,23,0,18,0.000,598.821,36.770,939.511,3188427.210,3190002.312
150,44,1024,23,0,19,0.000,585.160,34.760,941.031,3189936.261,3191497.212
150,44,1024,23,0,20,0.000,573.161,35.100,940.941,3188094.479,3189643.681
150,44,1024,23,0,21,0.000,621.300,37.520,941.021,3185456.827,3187056.668
150,44,1024,23,0,22,0.000,585.340,34.730,940.951,3187263.669,3188824.690
150,44,1024,23,0,23,0.000,602.851,36.690,997.591,3186954.128,3188591.260
150,44,1024,23,0,24,0.000,599.890,37.551,941.380,3188482.460,3190061.281
150,44,1024,23,0,25,0.000,589.101,36.450,943.301,3186092.367,3187661.219
150,44,1024,23,0,26,0.000,593.460,34.490,940.481,3188591.610,3190160.041
150,44,1024,23,0,27,0.000,583.751,37.870,941.111,3186362.807,3187925.539
150,44,1024,23,0,28,0.000,582.930,35.220,944.431,3187267.719,3188830.300
150,44,1024,23,0,29,0.000,585.741,35.130,941.601,3187575.998,3189138.470
150,44,1024,23,0,30,0.000,591.540,35.531,944.350,3186939.949,3188511.370
200,46,1024,24,0,1,85.390,576.601,34.260,943.320,3339529.985,3341084.166
200,46,1024,24,0,2,0.000,625.341,35.790,945.011,3333314.418,3334920.560
200,46,1024,24,0,3,0.000,584.071,32.470,939.561,3335623.141,3337179.243
200,46,1024,24,0,4,0.000,581.740,35.070,942.391,3335502.091,3337061.292
200,46,1024,24,0,5,0.000,566.150,34.150,941.801,3340338.106,3341880.207
200,46,1024,24,0,6,0.000,579.701,33.570,945.491,3336777.312,3338336.074
200,46,1024,24,0,7,0.000,566.010,34.380,993.441,3334764.750,3336358.581
200,46,1024,24,0,8,0.000,622.570,34.560,941.351,3337572.883,3339171.364
200,46,1024,24,0,9,0.000,574.241,34.460,988.231,3336932.962,3338529.894
200,46,1024,24,0,10,0.000,578.890,34.410,941.801,3337386.293,3338941.394
200,46,1024,24,0,11,0.000,582.700,38.670,939.611,3335348.501,3336909.482
200,46,1024,24,0,12,0.000,577.210,35.280,942.871,3337096.963,3338652.324
200,46,1024,24,0,13,0.000,585.420,35.590,936.491,3338486.684,3340044.185
200,46,1024,24,0,14,0.000,581.510,35.330,940.001,3336918.112,3338474.953
200,46,1024,24,0,15,0.000,584.571,33.570,942.680,3340595.946,3342156.767
200,46,1024,24,0,16,0.000,576.581,33.710,992.991,3333866.069,3335469.351
200,46,1024,24,0,17,0.000,582.391,33.810,944.991,3339034.684,3340595.876
200,46,1024,24,0,18,0.000,574.430,36.090,1089.402,3340156.845,3341856.767
200,46,1024,24,0,19,0.000,566.370,34.620,945.471,3338370.214,3339916.675
200,46,1024,24,0,20,0.000,579.110,34.850,998.831,3340989.826,3342602.617
200,46,1024,24,0,21,0.000,622.991,35.770,941.601,3337451.683,3339052.045
200,46,1024,24,0,22,0.000,627.531,36.760,943.771,3335748.311,3337356.373
200,46,1024,24,0,23,0.000,610.710,36.970,941.421,3337194.293,3338783.394
200,46,1024,24,0,24,0.000,569.980,35.930,1006.151,3334800.780,3336412.841
200,46,1024,24,0,25,0.000,575.910,33.660,940.951,3340412.386,3341962.907
200,46,1024,24,0,26,0.000,628.150,37.110,943.811,3336682.052,3338291.123
200,46,1024,24,0,27,0.000,574.930,33.800,944.211,3338065.504,3339618.445
200,46,1024,24,0,28,0.000,648.810,38.690,936.921,3335875.762,3337500.183
200,46,1024,24,0,29,0.000,620.101,35.860,939.760,3338424.564,3340020.285
200,46,1024,24,0,30,0.000,570.891,34.450,945.281,3334892.520,3336443.142
250,48,1024,25,0,1,80.090,571.780,33.760,1005.791,3482097.662,3483708.993
250,48,1024,25,0,2,0.000,586.000,34.481,998.710,3477457.718,3479076.909
250,48,1024,25,0,3,0.000,585.131,35.530,1073.371,3479109.218,3480803.250
250,48,1024,25,0,4,0.000,622.761,35.390,941.681,3481369.641,3482969.473
250,48,1024,25,0,5,0.000,583.191,32.640,946.291,3478487.028,3480049.150
250,48,1024,25,0,6,0.000,588.471,33.720,941.851,3476462.946,3478026.988
250,48,1024,25,0,7,0.000,599.951,36.350,941.481,3475840.075,3477417.857
250,48,1024,25,0,8,0.000,633.320,38.980,939.981,3477066.027,3478678.308
250,48,1024,25,0,9,0.000,591.101,33.080,942.501,3476461.076,3478027.758
250,48,1024,25,0,10,0.000,627.661,35.200,942.671,3476037.536,3477643.068
250,48,1024,25,0,11,0.000,584.471,35.820,993.061,3478503.098,3480116.450
250,48,1024,25,0,12,0.000,589.751,33.580,943.020,3481367.501,3482933.852
250,48,1024,25,0,13,0.000,580.501,36.140,978.321,3478429.128,3480024.090
250,48,1024,25,0,14,0.000,625.141,37.060,942.731,3481847.231,3483452.163
250,48,1024,25,0,15,0.000,582.071,35.790,942.760,3477442.898,3479003.519
250,48,1024,25,0,16,0.000,579.681,33.720,1001.531,3478776.918,3480391.850
250,48,1024,25,0,17,0.000,584.970,34.360,943.601,3479869.659,3481432.590
250,48,1024,25,0,18,0.000,576.891,36.030,945.301,3478214.088,3479772.310
250,48,1024,25,0,19,0.000,617.911,36.010,943.201,3476494.056,3478091.178
250,48,1024,25,0,20,0.000,575.350,34.920,941.841,3478307.638,3479859.749
250,48,1024,25,0,21,0.000,582.311,31.310,993.901,3477520.047,3479127.569
250,48,1024,25,0,22,0.000,590.851,36.000,945.391,3478468.748,3480040.990
250,48,1024,25,0,23,0.000,590.191,86.300,946.971,3478759.638,3480383.100
250,48,1024,25,0,24,0.000,606.230,34.790,940.651,3479805.390,3481387.061
250,48,1024,25,0,25,0.000,631.491,37.660,940.461,3475965.286,3477574.898
250,48,1024,25,0,26,0.000,593.330,33.140,986.681,3477636.417,3479249.568
250,48,1024,25,0,27,0.000,577.931,34.080,940.451,3479711.459,3481263.921
250,48,1024,25,0,28,0.000,591.711,35.260,943.911,3480836.180,3482407.062
250,48,1024,25,0,29,0.000,596.620,35.910,939.831,3477076.737,3478649.098
250,48,1024,25,0,30,0.000,615.180,35.951,939.170,3475516.006,3477106.307
300,50,1024,26,0,1,88.250,591.401,31.970,993.491,3622092.786,3623709.648
300,50,1024,26,0,2,0.000,598.401,36.470,996.241,3624850.118,3626481.230
300,50,1024,26,0,3,0.000,589.531,32.040,943.781,3621302.945,3622868.297
300,50,1024,26,0,4,0.000,591.491,34.880,979.341,3628500.592,3630106.304
300,50,1024,26,0,5,0.000,595.541,35.250,939.781,3627931.281,3629501.853
300,50,1024,26,0,6,0.000,633.881,35.690,940.491,3624998.488,3626608.550
300,50,1024,26,0,7,0.000,589.700,36.400,940.711,3629065.743,3630632.554
300,50,1024,26,0,8,0.000,593.211,37.110,985.991,3628622.012,3630238.324
300,50,1024,26,0,9,0.000,591.011,34.530,941.911,3625675.989,3627243.441
300,50,1024,26,0,10,0.000,583.761,34.830,938.491,3625696.409,3627253.491
300,50,1024,26,0,11,0.000,590.990,36.500,939.761,3627827.841,3629395.092
300,50,1024,26,0,12,0.000,591.770,34.040,940.921,3628160.862,3629727.593
300,50,1024,26,0,13,0.000,637.141,35.670,937.941,3628024.521,3629635.273
300,50,1024,26,0,14,0.000,602.100,35.050,941.671,3627581.391,3629160.212
300,50,1024,26,0,15,0.000,641.991,34.170,939.110,3625494.340,3627109.611
300,50,1024,26,0,16,0.000,595.141,32.510,940.490,3629234.813,3630802.954
300,50,1024,26,0,17,0.000,590.981,35.640,943.320,3631350.125,3632920.066
300,50,1024,26,0,18,0.000,596.841,36.500,942.021,3630422.783,3631998.145
300,50,1024,26,0,19,0.000,594.391,34.020,936.401,3628580.372,3630145.184
300,50,1024,26,0,20,0.000,590.291,35.570,994.841,3627008.830,3628629.532
300,50,1024,26,0,21,0.000,598.051,33.780,999.311,3626116.590,3627747.732
300,50,1024,26,0,22,0.000,594.421,33.640,997.411,3627413.280,3629038.752
300,50,1024,26,0,23,0.000,595.160,35.940,940.581,3628623.692,3630195.373
300,50,1024,26,0,24,0.000,587.591,35.550,940.080,3627851.572,3629414.793
300,50,1024,26,0,25,0.000,592.791,35.340,937.081,3626361.470,3627926.682
300,50,1024,26,0,26,0.000,593.790,35.060,990.861,3627534.621,3629154.332
300,50,1024,26,0,27,0.000,591.521,32.880,989.321,3624912.688,3626526.410
300,50,1024,26,0,28,0.000,587.451,33.040,941.781,3626428.410,3627990.682
300,50,1024,26,0,29,0.000,634.121,35.590,939.611,3626085.240,3627694.562
300,50,1024,26,0,30,0.000,603.141,35.000,938.141,3626810.620,3628386.902
350,51,1024,26,0,1,83.850,630.051,34.550,939.401,3696237.427,3697841.429
350,51,1024,26,0,2,0.000,586.820,36.430,941.651,3693635.805,3695200.706
350,51,1024,26,0,3,0.000,589.111,34.140,939.541,3694850.375,3696413.167
350,51,1024,26,0,4,0.000,596.101,37.030,935.491,3694893.985,3696462.607
350,51,1024,26,0,5,0.000,597.000,34.740,936.391,3694334.865,3695902.996
350,51,1024,26,0,6,0.000,599.791,35.540,995.371,3693669.714,3695300.416
350,51,1024,26,0,7,0.000,600.351,34.820,939.931,3694585.855,3696160.957
350,51,1024,26,0,8,0.000,591.880,33.760,940.061,3695146.096,3696711.797
350,51,1024,26,0,9,0.000,586.440,33.990,942.741,3693567.405,3695130.576
350,51,1024,26,0,10,0.000,592.831,33.270,937.411,3696510.307,3698073.819
350,51,1024,26,0,11,0.000,603.270,34.920,937.941,3693768.115,3695344.246
350,51,1024,26,0,12,0.000,700.280,38.600,936.001,3694844.856,3696519.737
350,51,1024,26,0,13,0.000,590.850,35.690,940.011,3695023.316,3696589.867
350,51,1024,26,0,14,0.000,597.941,36.350,941.331,3692235.633,3693811.255
350,51,1024,26,0,15,0.000,596.631,82.610,939.451,3696163.727,3697782.419
350,51,1024,26,0,16,0.000,634.680,34.520,934.831,3694600.516,3696204.547
350,51,1024,26,0,17,0.000,591.200,33.710,941.261,3694682.316,3696248.487
350,51,1024,26,0,18,0.000,592.570,36.040,990.201,3699744.961,3701363.772
350,51,1024,26,0,19,0.000,591.971,34.330,937.411,3694132.015,3695695.727
350,51,1024,26,0,20,0.000,587.080,34.920,940.381,3693852.675,3695415.056
350,51,1024,26,0,21,0.000,591.960,34.211,989.890,3694019.285,3695635.346
350,51,1024,26,0,22,0.000,593.301,35.640,936.831,3696780.987,3698346.759
350,51,1024,26,0,23,0.000,596.720,34.830,994.551,3694176.395,3695802.496
350,51,1024,26,0,24,0.000,631.021,36.900,935.721,3695038.636,3696642.278
350,51,1024,26,0,25,0.000,593.111,35.730,998.941,3699833.880,3701461.662
350,51,1024,26,0,26,0.000,598.721,34.630,936.851,3692753.603,3694323.805
350,51,1024,26,0,27,0.000,578.330,34.070,938.051,3695166.606,3696717.057
350,51,1024,26,0,28,0.000,589.581,34.930,938.171,3694866.665,3696429.347
350,51,1024,26,0,29,0.000,614.211,36.520,937.711,3703078.253,3704666.695
350,51,1024,26,0,30,0.000,601.881,35.320,940.841,3695885.277,3697463.319
400,52,1024,27,0,1,92.410,583.691,35.570,939.831,3769537.557,3771096.649
400,52,1024,27,0,2,0.000,580.431,34.780,940.981,3771421.369,3772977.561
400,52,1024,27,0,3,0.000,579.030,33.340,941.851,3769784.548,3771338.769
400,52,1024,27,0,4,0.000,584.151,35.940,979.410,3772674.531,3774274.032
400,52,1024,27,0,5,0.000,582.951,34.040,940.290,3773385.882,3774943.163
400,52,1024,27,0,6,0.000,586.250,34.950,998.751,3770307.048,3771926.999
400,52,1024,27,0,7,0.000,583.550,35.410,939.441,3771548.739,3773107.140
400,52,1024,27,0,8,0.000,578.951,35.760,978.031,3769944.678,3771537.420
400,52,1024,27,0,9,0.000,578.161,36.220,937.501,3771848.199,3773400.081
400,52,1024,27,0,10,0.000,578.150,33.520,942.931,3771055.799,3772610.400
400,52,1024,27,0,11,0.000,574.001,35.460,935.661,3770903.869,3772448.991
400,52,1024,27,0,12,0.000,593.441,34.870,941.431,3772518.060,3774087.802
400,52,1024,27,0,13,0.000,582.840,33.470,998.171,3771663.070,3773277.551
400,52,1024,27,0,14,0.000,575.790,33.280,939.351,3774785.062,3776333.483
400,52,1024,27,0,15,0.000,589.651,34.640,941.500,3768759.607,3770325.398
400,52,1024,27,0,16,0.000,579.661,36.980,933.081,3769081.857,3770631.579
400,52,1024,27,0,17,0.000,591.261,35.700,992.541,3771985.249,3773604.751
400,52,1024,27,0,18,0.000,598.411,36.350,939.461,3771621.049,3773195.271
400,52,1024,27,0,19,0.000,582.531,34.180,941.991,3771682.259,3773240.961
400,52,1024,27,0,20,0.000,580.790,33.490,940.301,3769671.258,3771225.839
400,52,1024,27,0,21,0.000,655.470,35.100,940.941,3774837.933,3776469.444
400,52,1024,27,0,22,0.000,599.020,35.690,938.521,3773626.191,3775199.422
400,52,1024,27,0,23,0.000,634.700,37.990,1062.731,3772243.030,3773978.451
400,52,1024,27,0,24,0.000,599.201,35.950,936.761,3773275.491,3774847.403
400,52,1024,27,0,25,0.000,585.800,33.920,940.981,3776661.744,3778222.445
400,52,1024,27,0,26,0.000,632.050,35.710,937.651,3771270.779,3772876.190
400,52,1024,27,0,27,0.000,591.390,35.410,983.761,3773398.941,3775009.502
400,52,1024,27,0,28,0.000,588.530,33.640,982.941,3768873.747,3770478.858
400,52,1024,27,0,29,0.000,587.440,35.670,939.961,3772942.791,3774505.862
400,52,1024,27,0,30,0.000,589.751,32.570,940.491,3768439.826,3770002.638
450,53,1024,27,0,1,88.581,598.500,36.360,938.461,3840901.626,3842474.947
450,53,1024,27,0,2,0.000,627.671,34.390,938.981,3839607.184,3841208.226
450,53,1024,27,0,3,0.000,589.511,36.410,941.301,3836699.502,3838266.724
450,53,1024,27,0,4,0.000,586.391,34.640,937.091,3839747.315,3841305.437
450,53,1024,27,0,5,0.000,592.780,32.551,940.460,3843441.589,3845007.380
450,53,1024,27,0,6,0.000,587.650,83.120,946.201,3841421.187,3843038.158
450,53,1024,27,0,7,0.000,596.881,35.980,935.221,3838214.553,3839782.635
450,53,1024,27,0,8,0.000,585.541,33.910,986.971,3844589.049,3846195.471
450,53,1024,27,0,9,0.000,590.980,35.580,990.351,3839040.454,3840657.365
450,53,1024,27,0,10,0.000,586.870,34.070,939.581,3839125.414,3840685.935
450,53,1024,27,0,11,0.000,588.440,35.401,994.430,3839701.245,3841319.516
450,53,1024,27,0,12,0.000,636.061,35.990,941.291,3840016.615,3841629.957
450,53,1024,27,0,13,0.000,587.661,35.470,941.161,3841846.946,3843411.238
450,53,1024,27,0,14,0.000,585.141,33.790,941.120,3837731.503,3839291.554
450,53,1024,27,0,15,0.000,593.701,36.410,940.130,3838271.614,3839841.855
450,53,1024,27,0,16,0.000,625.081,33.970,937.011,3842662.987,3844259.049
450,53,1024,27,0,17,0.000,591.001,37.880,938.981,3843310.668,3844878.530
450,53,1024,27,0,18,0.000,591.430,36.060,1001.561,3839518.075,3841147.126
450,53,1024,27,0,19,0.000,591.280,36.900,994.161,3839754.705,3841377.046
450,53,1024,27,0,20,0.000,590.711,35.350,936.721,3842350.517,3843913.299
450,53,1024,27,0,21,0.000,582.601,33.220,941.521,3841485.596,3843042.938
450,53,1024,27,0,22,0.000,584.420,165.851,948.991,3841036.686,3842735.948
450,53,1024,27,0,23,0.000,589.470,35.660,940.221,3840030.825,3841596.176
450,53,1024,27,0,24,0.000,580.081,35.790,940.171,3839569.854,3841125.896
450,53,1024,27,0,25,0.000,628.410,35.771,938.020,3838435.274,3840037.475
450,53,1024,27,0,26,0.000,580.600,33.080,939.131,3840736.006,3842288.817
450,53,1024,27,0,27,0.000,583.650,33.940,995.641,3839505.675,3841118.906
450,53,1024,27,0,28,0.000,585.111,35.890,978.251,3840527.305,3842126.557
450,53,1024,27,0,29,0.000,581.591,33.260,939.301,3841294.196,3842848.348
450,53,1024,27,0,30,0.000,584.401,34.380,1066.741,3836650.762,3838336.284
500,54,1024,28,0,1,80.571,590.751,34.980,941.471,3911619.083,3913186.285
500,54,1024,28,0,2,0.000,592.090,35.860,940.861,3914633.367,3916202.178
500,54,1024,28,0,3,0.000,594.001,35.170,935.971,3918856.500,3920421.642
500,54,1024,28,0,4,0.000,605.201,35.100,936.521,3919284.321,3920861.143
500,54,1024,28,0,5,0.000,591.861,35.980,997.921,3915065.827,3916691.589
500,54,1024,28,0,6,0.000,586.461,35.720,994.091,3915204.847,3916821.119
500,54,1024,28,0,7,0.000,593.480,35.620,936.951,3918039.690,3919605.741
500,54,1024,28,0,8,0.000,601.981,35.180,996.081,3916470.378,3918103.620
500,54,1024,28,0,9,0.000,648.741,37.780,933.810,3915467.968,3917088.299
500,54,1024,28,0,10,0.000,586.970,96.510,948.821,3915384.598,3917016.899
500,54,1024,28,0,11,0.000,588.940,34.550,943.421,3913573.406,3915140.317
500,54,1024,28,0,12,0.000,589.080,34.010,938.891,3917584.139,3919146.120
500,54,1024,28,0,13,0.000,586.390,34.080,941.671,3914567.407,3916129.548
500,54,1024,28,0,14,0.000,585.740,34.450,941.701,3923203.065,3924764.956
500,54,1024,28,0,15,0.000,597.681,32.080,941.551,3917714.439,3919285.751
500,54,1024,28,0,16,0.000,584.670,32.800,939.811,3916636.189,3918193.470
500,54,1024,28,0,17,0.000,595.530,37.850,978.631,3917847.540,3919459.551
500,54,1024,28,0,18,0.000,597.200,36.160,936.241,3918955.631,3920525.232
500,54,1024,28,0,19,0.000,601.781,36.150,935.951,3915520.147,3917094.029
500,54,1024,28,0,20,0.000,590.591,34.400,937.511,3917966.650,3919529.152
500,54,1024,28,0,21,0.000,587.980,34.290,938.901,3916260.288,3917821.459
500,54,1024,28,0,22,0.000,593.301,35.600,1050.871,3915114.047,3916793.819
500,54,1024,28,0,23,0.000,587.960,34.760,942.711,3919083.881,3920649.312
500,54,1024,28,0,24,0.000,594.250,35.040,985.771,3917176.289,3918791.350
500,54,1024,28,0,25,0.000,594.571,35.930,936.061,3914574.006,3916140.568
500,54,1024,28,0,26,0.000,597.160,35.390,937.821,3915549.778,3917120.149
500,54,1024,28,0,27,0.000,600.281,35.640,940.411,3920753.652,3922329.984
500,54,1024,28,0,28,0.000,591.270,34.480,941.561,3914045.266,3915612.577
500,54,1024,28,0,29,0.000,581.460,35.360,940.071,3917360.469,3918917.360
500,54,1024,28,0,30,0.000,594.631,35.090,940.051,3915771.727,3917341.499
