num_clients,degree,update_len,threshold,num_dropouts,iterations,setup_mean_us,setup_stdev_us,phase1_mean_us,phase1_stdev_us,phase1_median_us,phase1_min_us,phase1_max_us,phase2_mean_us,phase2_stdev_us,phase2_median_us,phase2_min_us,phase2_max_us,phase3_mean_us,phase3_stdev_us,phase3_median_us,phase3_min_us,phase3_max_us,phase4_mean_us,phase4_stdev_us,phase4_median_us,phase4_min_us,phase4_max_us,total_mean_us,total_stdev_us,total_median_us,total_min_us,total_max_us
50,34,1024,18,0,30,98.370,0.000,607.379,19.061,600.061,579.401,656.080,35.268,1.746,35.010,32.420,41.680,954.945,28.649,944.446,939.981,1073.121,2463814.519,1476.611,2463492.489,2461909.903,2466550.457,2465412.110,1490.955,2465067.955,2463488.534,2468182.909
100,40,1024,21,0,30,85.000,0.000,589.873,11.938,589.210,567.991,634.190,36.527,8.137,35.140,31.920,79.020,957.361,27.963,943.811,937.901,1030.101,2902124.145,2100.286,2901902.180,2897807.830,2907752.380,2903707.906,2109.115,2903463.111,2899378.202,2909399.642
150,44,1024,23,0,30,85.061,0.000,597.622,25.385,591.105,573.161,701.821,35.827,1.454,35.376,33.650,39.170,949.522,20.371,941.721,939.461,1021.391,3188112.801,1583.289,3187881.794,3185456.827,3191936.923,3189695.772,1582.030,3189448.800,3187056.668,3193493.114
200,46,1024,24,0,30,85.390,0.000,589.854,23.229,580.606,566.010,648.810,35.121,1.467,34.735,32.470,38.690,955.987,32.554,943.096,936.491,1089.402,3337271.788,2079.847,3337145.628,3333314.418,3340989.826,3338852.750,2077.194,3338717.859,3334920.560,3342602.617
250,48,1024,25,0,30,80.090,0.000,595.398,18.207,589.971,571.780,633.320,36.765,9.487,35.325,31.310,86.300,958.904,31.201,943.111,939.170,1073.371,3478364.568,1856.863,3478368.383,3475516.006,3482097.662,3479955.636,1857.767,3479941.919,3477106.307,3483708.993
300,50,1024,26,0,30,88.250,0.000,598.920,15.681,593.500,583.761,641.991,34.822,1.366,35.055,31.970,37.110,955.696,24.361,941.296,936.401,999.311,3627018.681,2141.588,3627473.950,3621302.945,3631350.125,3628608.119,2134.764,3629096.542,3622868.297,3632920.066
350,51,1024,26,0,30,83.850,0.000,601.523,22.818,594.701,578.330,700.280,36.758,8.738,34.920,33.270,82.610,947.812,21.053,939.496,934.831,998.941,3695269.318,2218.145,3694847.616,3692235.633,3703078.253,3696855.412,2224.916,3696421.257,3693811.255,3704666.695
400,52,1024,27,0,30,92.410,0.000,590.902,18.437,584.976,574.001,655.470,34.987,1.240,35.255,32.570,37.990,954.908,29.282,940.961,933.081,1062.731,3771658.339,1968.323,3771642.059,3768439.826,3776661.744,3773239.135,1973.172,3773218.116,3770002.638,3778222.445
450,53,1024,27,0,30,88.581,0.000,593.454,15.035,588.955,580.081,636.061,41.036,25.183,35.525,32.551,165.851,956.306,30.660,940.790,935.221,1066.741,3840240.831,1906.048,3839885.660,3836650.762,3844589.049,3841831.626,1900.712,3841486.611,3838266.724,3846195.471
500,54,1024,28,0,30,80.571,0.000,594.400,11.679,592.696,581.460,648.741,37.200,11.262,35.175,32.080,96.510,951.737,27.177,940.636,933.810,1050.871,3916642.820,2337.017,3916365.333,3911619.083,3923203.065,3918226.157,2331.251,3917962.539,3913186.285,3924764.956
