num_clients,degree,update_len,threshold,num_dropouts,dropout_pct,iterations,setup_mean_us,setup_stdev_us,phase1_mean_us,phase1_stdev_us,phase1_median_us,phase1_min_us,phase1_max_us,phase2_mean_us,phase2_stdev_us,phase2_median_us,phase2_min_us,phase2_max_us,phase3_mean_us,phase3_stdev_us,phase3_median_us,phase3_min_us,phase3_max_us,phase4_mean_us,phase4_stdev_us,phase4_median_us,phase4_min_us,phase4_max_us,phase5_mean_us,phase5_stdev_us,phase5_median_us,phase5_min_us,phase5_max_us,total_mean_us,total_stdev_us,total_median_us,total_min_us,total_max_us
50,34,1024,18,0,0.0,30,107.800,0.000,588.130,14.401,583.440,574.661,627.751,60.420,9.104,58.895,56.400,107.860,951.204,15.724,946.166,940.501,999.441,2783.789,28.204,2784.288,2736.703,2873.993,202.780,5.019,201.351,198.821,225.930,4586.323,25.335,4578.709,4558.384,4659.135
100,40,1024,21,0,0.0,30,91.331,0.000,595.117,34.034,584.376,569.031,742.140,58.118,1.985,58.011,54.980,63.950,961.625,30.802,946.461,940.730,1077.451,3248.341,25.044,3253.383,3208.423,3343.673,203.550,3.775,203.240,198.140,220.140,5066.751,36.140,5050.370,5037.795,5193.545
150,44,1024,23,0,0.0,30,89.270,0.000,593.505,22.845,585.380,568.681,661.360,57.733,1.241,57.835,55.250,61.461,951.363,20.226,944.376,939.451,1018.171,3569.964,24.248,3569.463,3528.483,3666.824,202.956,2.982,202.760,197.851,212.631,5375.521,25.588,5369.425,5337.435,5454.265
200,46,1024,24,0,0.0,30,91.280,0.000,589.125,18.021,583.745,569.501,640.611,57.415,1.218,57.520,55.220,60.100,959.639,24.658,944.931,937.490,1007.271,3749.536,54.397,3735.439,3703.094,3945.294,208.496,25.660,203.505,197.260,342.960,5564.211,63.870,5544.386,5503.555,5730.185
250,48,1024,25,0,0.0,30,94.061,0.000,599.202,39.452,586.606,565.801,735.711,61.480,13.886,57.850,55.090,117.131,977.585,71.985,945.505,938.481,1201.841,3977.156,126.652,3979.404,3852.054,4477.224,210.297,26.660,203.250,199.070,307.980,5825.720,166.081,5809.895,5658.305,6556.176
300,50,1024,26,0,0.0,30,94.920,0.000,611.293,56.573,589.336,572.461,813.230,59.011,1.527,59.090,55.130,62.771,947.965,24.707,940.716,936.051,1055.861,4054.100,34.174,4047.144,4014.423,4185.204,202.772,3.289,202.715,196.960,209.250,5875.140,75.013,5851.431,5818.516,6178.806
350,51,1024,26,0,0.0,30,91.930,0.000,594.420,19.777,585.430,574.121,661.910,57.620,0.978,57.660,55.260,59.750,959.181,34.749,942.171,935.761,1097.161,4125.028,26.262,4122.809,4093.964,4225.944,203.067,2.111,203.465,197.830,206.211,5939.315,34.277,5933.880,5899.516,6054.416
400,52,1024,27,0,0.0,30,100.800,0.000,588.407,14.939,585.816,571.131,637.311,57.447,1.167,57.331,55.200,59.660,959.324,24.677,942.946,937.381,998.571,4203.734,23.219,4204.499,4174.954,4283.524,204.536,7.057,203.185,199.040,240.290,6013.448,26.310,6009.321,5981.206,6121.156
450,53,1024,27,0,0.0,30,89.010,0.000,586.411,14.535,583.886,568.511,641.210,60.788,11.739,57.890,55.850,105.210,948.473,17.663,941.476,936.391,994.121,4291.691,27.243,4285.149,4262.614,4383.664,202.233,3.830,201.765,195.270,209.070,6089.596,29.804,6082.376,6048.316,6167.316
500,54,1024,28,0,0.0,30,95.650,0.000,591.530,31.004,582.416,567.440,726.581,57.829,1.125,57.826,55.170,60.450,947.474,16.754,940.306,937.451,987.031,4371.846,21.146,4369.759,4346.084,4461.274,204.653,5.545,203.635,199.100,230.950,6173.333,32.904,6162.891,6139.335,6283.666
550,55,1024,28,0,0.0,30,90.080,0.000,590.028,17.885,583.721,572.901,633.131,61.154,13.938,57.610,54.810,115.460,957.359,32.144,941.116,934.311,1070.441,4449.989,33.461,4443.894,4411.564,4575.274,205.235,5.227,204.750,197.470,222.851,6263.765,57.449,6255.171,6217.206,6533.157
600,56,1024,29,0,0.0,30,93.510,0.000,597.666,41.315,584.525,569.361,754.341,57.334,1.368,57.566,55.050,59.710,965.800,41.286,942.251,935.791,1102.091,4540.535,52.320,4531.724,4500.384,4774.034,202.939,2.645,202.760,197.880,208.510,6364.273,69.118,6337.951,6297.447,6608.476
650,57,1024,29,0,0.0,30,90.150,0.000,591.184,18.846,584.696,570.200,641.350,57.652,1.423,57.590,55.450,61.680,955.867,32.132,941.531,936.031,1086.871,4612.224,30.828,4609.559,4569.184,4722.525,203.795,3.921,203.536,197.190,216.330,6420.721,31.194,6413.966,6369.516,6508.657
700,57,1024,29,0,0.0,30,94.390,0.000,583.318,12.652,582.065,562.891,622.850,59.446,9.702,57.920,55.380,110.440,953.152,20.812,942.061,938.181,995.921,4616.678,28.523,4614.074,4573.275,4708.625,204.080,4.178,203.415,197.690,218.691,6416.674,30.532,6414.557,6370.326,6514.166
750,58,1024,30,0,0.0,30,87.220,0.000,587.676,14.511,584.866,571.230,630.121,57.829,1.207,57.880,55.300,59.940,964.458,78.528,941.321,934.311,1365.982,4695.982,33.985,4687.360,4659.034,4808.905,202.477,2.643,202.671,197.690,206.961,6508.422,81.130,6492.652,6454.066,6904.946
800,58,1024,30,0,0.0,30,82.901,0.000,583.634,9.732,583.410,564.311,617.231,57.721,1.043,57.800,55.540,59.940,953.348,22.483,941.441,938.980,1001.451,4693.329,32.337,4689.034,4651.324,4802.335,202.370,2.597,202.175,197.701,206.960,6490.401,30.025,6485.006,6450.747,6584.277
850,59,1024,30,0,0.0,30,87.810,0.000,587.543,15.747,582.951,571.991,635.941,57.314,1.146,57.215,55.180,59.180,949.069,27.770,940.516,935.411,1075.691,4773.800,30.709,4768.284,4732.314,4888.864,203.222,3.302,202.296,198.070,210.251,6570.948,40.410,6557.096,6530.216,6686.296
900,59,1024,30,0,0.0,30,94.170,0.000,591.816,21.738,584.551,563.661,657.480,61.685,12.972,58.335,55.460,111.810,943.699,10.774,941.201,934.931,987.221,4779.110,34.442,4766.620,4743.885,4895.514,203.613,3.343,203.075,198.550,212.230,6579.922,34.905,6573.792,6540.166,6676.657
950,60,1024,31,0,0.0,30,89.960,0.000,594.386,31.975,582.855,569.211,728.541,62.267,24.985,58.015,55.470,194.380,947.502,18.767,940.041,935.721,1000.241,4848.531,28.309,4846.789,4812.404,4968.385,204.385,5.055,203.120,197.620,218.970,6657.071,39.973,6644.141,6621.056,6767.736
1000,60,1024,31,0,0.0,30,88.920,0.000,589.849,16.675,585.755,572.830,634.861,60.643,15.203,57.921,54.760,140.650,953.529,23.515,940.276,933.590,995.581,4846.884,34.804,4840.709,4802.514,4961.805,202.445,2.814,202.180,197.081,208.850,6653.349,33.410,6647.342,6608.396,6746.036
50,34,4096,18,0,0.0,30,105.180,0.000,2520.301,44.660,2517.028,2450.353,2690.112,58.341,1.220,58.345,56.200,61.480,960.842,24.720,946.171,942.021,1018.101,2768.379,27.964,2770.398,2729.623,2866.993,794.402,18.646,788.295,782.400,878.651,7102.265,44.762,7094.537,7035.137,7249.247
100,40,4096,21,0,0.0,30,101.350,0.000,2521.153,42.815,2517.773,2460.892,2677.302,58.742,1.442,58.755,55.700,62.660,956.531,23.787,945.086,936.771,1016.771,3261.083,41.788,3249.798,3206.163,3397.954,789.017,11.620,787.281,778.031,838.350,7586.526,54.058,7575.898,7511.917,7717.087
150,44,4096,23,0,0.0,30,103.290,0.000,2516.894,44.854,2510.812,2452.792,2646.812,60.078,6.193,59.005,56.480,92.210,953.380,18.835,944.771,940.000,996.671,3566.857,22.390,3565.164,3531.754,3650.703,787.404,4.533,786.356,781.081,804.491,7884.613,41.535,7877.548,7827.698,8002.788
200,46,4096,24,0,0.0,30,104.360,0.000,2506.304,40.756,2515.723,2440.053,2618.162,60.651,7.975,58.730,56.661,101.800,957.190,20.226,945.916,938.681,994.871,3728.068,32.112,3720.509,3687.794,3849.484,788.986,8.201,787.171,775.801,811.180,8041.200,44.489,8036.293,7983.308,8191.508
250,48,4096,25,0,0.0,30,98.831,0.000,2517.936,23.715,2515.663,2457.052,2570.272,58.969,2.379,58.600,56.170,67.250,957.734,22.863,945.741,940.501,1016.001,3883.740,26.169,3879.109,3847.813,3997.204,786.086,5.416,784.531,779.881,803.631,8204.466,34.171,8202.848,8138.337,8293.968
300,50,4096,26,0,0.0,30,100.580,0.000,2512.807,36.331,2512.193,2459.492,2645.792,61.894,10.432,59.265,55.920,102.620,948.630,18.431,940.711,935.131,993.881,4053.934,35.894,4042.624,4020.874,4162.354,791.085,15.637,787.125,779.811,865.161,8368.350,51.876,8362.363,8301.508,8528.948
350,51,4096,26,0,0.0,30,99.960,0.000,2526.375,37.937,2524.858,2461.392,2645.823,58.383,1.469,58.350,56.190,61.570,952.040,37.054,940.741,934.401,1127.211,4141.852,52.752,4125.854,4110.064,4386.764,789.431,5.945,788.006,780.560,805.560,8468.080,71.474,8441.493,8382.958,8722.848
400,52,4096,27,0,0.0,30,103.320,0.000,2511.736,25.455,2514.057,2452.523,2552.023,58.948,3.281,58.395,55.360,74.870,957.187,26.707,944.466,937.300,1050.381,4213.370,37.796,4205.114,4173.014,4359.234,788.813,8.909,786.121,775.770,816.061,8530.054,39.285,8515.084,8470.019,8672.578
450,53,4096,27,0,0.0,30,105.790,0.000,2509.922,34.095,2511.977,2438.132,2623.123,61.366,10.028,58.940,56.130,101.930,954.634,29.134,941.431,935.351,1062.871,4284.795,21.281,4283.514,4259.374,4379.574,788.402,6.082,786.371,780.231,802.241,8599.119,33.477,8595.438,8533.188,8694.539
500,54,4096,28,0,0.0,30,97.860,0.000,2506.290,35.273,2510.872,2448.822,2606.522,58.637,2.046,58.515,55.560,66.520,960.387,54.924,942.226,936.811,1234.461,4369.054,27.912,4363.389,4342.024,4465.945,786.305,5.876,784.306,778.061,800.370,8680.673,55.599,8670.988,8612.868,8904.248
550,55,4096,28,0,0.0,30,102.950,0.000,2514.766,35.421,2514.517,2449.012,2592.513,59.999,7.927,58.250,55.440,100.140,951.496,20.284,942.091,936.901,1008.721,4449.620,32.722,4441.424,4411.084,4564.074,787.749,5.865,787.826,778.211,802.651,8763.631,39.586,8760.288,8701.118,8848.158
600,56,4096,29,0,0.0,30,98.480,0.000,2511.073,50.457,2509.158,2420.703,2658.112,60.962,10.208,58.295,55.820,100.950,955.691,30.206,942.286,936.291,1082.601,4522.137,18.981,4519.659,4493.854,4581.115,788.719,8.875,787.405,778.780,824.950,8838.582,51.066,8834.608,8740.569,8962.648
650,57,4096,29,0,0.0,30,103.080,0.000,2521.993,42.184,2515.377,2447.613,2642.653,59.651,6.785,58.140,55.500,94.790,945.235,14.109,940.626,937.021,990.751,4608.940,20.017,4604.885,4582.754,4666.244,787.379,4.687,787.136,781.231,805.051,8923.198,43.284,8916.563,8859.819,9048.879
700,57,4096,29,0,0.0,30,116.060,0.000,2511.344,45.898,2510.022,2436.982,2646.382,59.817,7.507,58.380,56.480,99.160,958.841,24.364,942.931,937.371,1009.061,4614.104,47.197,4606.369,4574.934,4811.835,791.440,19.330,786.561,779.641,887.191,8935.545,51.580,8921.139,8854.508,9068.099
750,58,4096,30,0,0.0,30,104.680,0.000,2514.379,24.816,2516.407,2450.002,2559.433,59.345,1.602,59.295,56.680,63.170,946.792,16.332,940.786,935.181,994.701,4696.963,54.838,4682.409,4655.705,4937.965,789.303,7.824,788.511,776.581,820.091,9006.783,57.185,8996.639,8927.278,9260.509
800,58,4096,30,0,0.0,30,101.130,0.000,2516.567,41.828,2515.137,2463.542,2634.153,58.269,1.350,58.210,55.760,61.010,954.314,21.695,941.870,935.291,993.661,4682.331,22.686,4682.974,4650.935,4771.874,792.592,18.606,787.451,775.671,878.801,9004.074,47.861,9000.479,8943.379,9119.509
850,59,4096,30,0,0.0,30,151.660,0.000,2521.038,33.762,2513.127,2463.302,2652.532,58.939,2.180,58.245,56.000,64.330,946.002,15.749,940.596,936.071,992.351,4768.830,33.729,4759.860,4730.545,4870.085,788.394,6.938,787.716,775.580,806.881,9083.203,48.595,9071.023,9026.088,9250.239
900,59,4096,30,0,0.0,30,106.690,0.000,2513.486,43.219,2506.253,2446.092,2658.852,62.520,12.350,58.560,57.101,102.120,959.822,31.504,942.851,936.441,1078.831,4767.847,25.221,4764.015,4737.255,4867.975,788.047,6.533,786.430,776.021,802.901,9091.721,51.898,9080.803,9025.009,9233.108
950,60,4096,31,0,0.0,30,101.430,0.000,2518.665,34.148,2520.043,2464.132,2615.372,58.481,1.811,57.950,55.930,63.910,952.229,20.860,941.101,935.751,998.061,4863.684,76.719,4843.700,4810.904,5232.375,792.220,29.097,787.716,775.221,942.641,9185.279,79.563,9159.453,9109.679,9517.769
1000,60,4096,31,0,0.0,30,99.040,0.000,2514.495,34.162,2509.727,2434.833,2630.493,58.956,1.238,58.835,56.821,62.250,954.162,19.648,943.620,936.531,992.501,4841.546,25.429,4840.285,4807.005,4932.374,794.400,24.655,787.386,779.071,882.401,9163.559,44.262,9153.773,9086.649,9283.819
50,34,16384,18,0,0.0,30,154.290,0.000,10535.352,68.341,10526.730,10362.970,10714.941,63.759,7.564,62.490,60.020,103.220,957.575,19.937,949.016,944.071,1004.821,2779.121,32.286,2785.097,2736.332,2898.313,3226.600,27.071,3229.208,3175.123,3331.753,17562.406,73.404,17559.402,17402.436,17736.507
100,40,16384,21,0,0.0,30,150.451,0.000,10541.578,78.865,10532.365,10385.890,10707.071,61.178,2.472,60.950,58.010,71.080,956.092,18.889,948.931,943.621,1004.561,3260.194,28.784,3259.779,3212.503,3365.323,3219.462,25.073,3222.418,3180.003,3314.733,18038.504,66.793,18033.322,17954.637,18193.167
150,44,16384,23,0,0.0,30,175.150,0.000,10534.928,65.717,10514.285,10400.310,10673.180,60.947,1.228,61.025,58.400,63.560,958.668,19.610,949.321,942.020,1006.511,3579.988,25.633,3579.933,3538.044,3674.843,3220.156,29.661,3223.978,3166.673,3310.523,18354.687,76.878,18333.882,18213.628,18523.378
200,46,16384,24,0,0.0,30,149.270,0.000,10540.284,70.537,10542.461,10442.170,10726.950,61.598,2.147,61.555,58.910,69.600,962.284,23.067,949.226,943.061,1005.021,3739.152,27.572,3743.974,3696.884,3822.763,3225.682,33.508,3218.588,3184.183,3324.393,18529.001,84.134,18533.033,18411.197,18688.668
250,48,16384,25,0,0.0,30,168.401,0.000,10530.554,79.255,10523.930,10398.110,10757.460,62.461,5.959,61.685,58.290,93.020,953.476,17.953,947.331,939.241,1008.611,3914.209,44.995,3903.628,3865.564,4062.984,3226.168,27.520,3223.778,3172.323,3300.383,18686.867,90.520,18681.553,18516.578,18925.998
300,50,16384,26,0,0.0,30,172.060,0.000,10532.489,73.486,10518.260,10403.050,10697.300,62.797,7.193,60.690,57.060,98.050,956.429,28.265,944.201,939.161,1057.941,4062.909,25.455,4059.479,4033.064,4157.024,3216.885,27.565,3219.513,3165.873,3308.483,18831.509,76.346,18834.578,18703.368,18990.778
350,51,16384,26,0,0.0,30,165.880,0.000,10560.155,71.835,10567.801,10435.950,10727.540,61.637,1.679,61.390,58.880,65.940,954.005,29.269,944.266,937.821,1080.551,4141.013,20.293,4139.489,4115.134,4212.994,3220.277,22.443,3221.913,3181.393,3294.043,18937.088,73.312,18939.323,18814.178,19078.088
400,52,16384,27,0,0.0,30,196.600,0.000,10573.312,70.787,10557.875,10458.500,10726.371,61.588,1.429,61.290,59.200,65.220,983.669,154.008,944.156,938.311,1785.212,4232.407,81.986,4212.849,4188.834,4643.494,3242.065,132.027,3219.868,3185.373,3930.364,19093.041,384.169,19016.713,18902.928,21097.830
450,53,16384,27,0,0.0,30,151.490,0.000,10549.348,84.146,10535.125,10424.960,10847.290,60.743,1.706,60.375,57.890,65.330,956.277,22.068,945.516,936.021,1001.091,4297.615,19.343,4299.114,4265.605,4365.484,3223.008,28.603,3218.508,3182.363,3317.153,19086.992,88.880,19068.203,18976.428,19369.008
500,54,16384,28,0,0.0,30,150.070,0.000,10534.183,62.252,10554.235,10388.949,10645.140,62.043,1.882,61.910,58.720,67.780,952.957,17.283,945.651,938.291,996.321,4384.154,28.150,4379.674,4353.584,4464.274,3225.783,31.549,3224.228,3179.273,3340.173,19159.121,69.260,19176.753,18980.098,19315.929
550,55,16384,28,0,0.0,30,153.160,0.000,10557.199,58.171,10566.790,10439.670,10677.831,62.460,6.977,61.200,58.470,97.690,962.290,39.784,945.206,937.581,1106.761,4466.394,35.610,4455.655,4434.935,4566.594,3222.982,28.607,3217.208,3191.143,3314.483,19271.325,66.590,19266.643,19147.819,19471.739
600,56,16384,29,0,0.0,30,168.280,0.000,10578.782,108.856,10570.600,10405.370,11018.860,62.317,4.106,61.565,58.920,82.340,952.394,19.164,945.566,937.441,1003.661,4548.306,24.533,4543.014,4505.074,4616.294,3216.945,20.420,3215.388,3178.173,3289.393,19358.744,140.437,19337.839,19178.668,19990.769
650,57,16384,29,0,0.0,30,160.721,0.000,10557.938,84.760,10538.540,10438.520,10757.530,61.738,1.903,61.350,58.470,68.910,947.544,13.245,943.701,938.250,996.421,4623.345,25.199,4623.315,4584.624,4724.564,3217.993,28.613,3212.138,3180.843,3311.283,19408.558,80.624,19386.799,19259.449,19604.618
700,57,16384,29,0,0.0,30,148.770,0.000,10582.955,106.992,10550.871,10454.150,10981.171,61.363,1.352,61.165,58.960,64.380,953.192,19.568,945.601,938.141,1001.991,4629.585,30.629,4629.645,4583.164,4750.734,3211.042,27.119,3205.568,3179.913,3309.703,19438.137,98.372,19416.663,19311.019,19820.769
750,58,16384,30,0,0.0,30,153.070,0.000,10548.606,50.928,10534.315,10445.340,10648.160,60.744,1.102,60.775,58.380,62.390,958.426,28.851,944.986,939.531,1070.991,4712.021,36.723,4708.279,4667.114,4840.554,3221.163,32.682,3220.658,3176.263,3334.853,19500.960,64.473,19500.338,19408.649,19682.898
800,58,16384,30,0,0.0,30,152.690,0.000,10545.588,80.138,10516.175,10451.070,10746.450,63.324,9.619,60.825,58.061,99.710,958.839,28.959,944.336,936.941,1065.121,4707.285,34.922,4703.730,4663.944,4827.085,3219.115,32.435,3218.573,3182.653,3317.423,19494.150,103.179,19477.989,19367.259,19822.209
850,59,16384,30,0,0.0,30,154.441,0.000,10551.433,65.773,10557.461,10416.000,10674.790,61.829,2.071,61.780,58.950,69.840,955.013,20.238,944.906,938.371,995.271,4787.321,38.256,4779.370,4744.195,4934.244,3212.247,25.717,3211.298,3177.893,3305.693,19567.842,69.897,19557.124,19415.149,19720.329
900,59,16384,30,0,0.0,30,160.851,0.000,10566.748,77.547,10541.120,10469.930,10808.090,62.356,5.529,61.190,58.580,90.340,954.309,19.417,945.755,939.071,1003.721,4784.923,37.141,4774.760,4742.904,4893.025,3223.026,24.224,3220.463,3179.223,3306.913,19591.362,74.684,19572.579,19486.148,19789.749
950,60,16384,31,0,0.0,30,147.260,0.000,10543.544,87.853,10535.220,10396.150,10783.140,63.124,11.034,60.906,58.960,121.060,955.495,28.851,944.711,938.941,1082.421,4860.597,28.228,4855.995,4829.374,4959.505,3220.139,27.942,3218.173,3177.333,3316.533,19642.899,85.629,19634.659,19502.089,19812.599
1000,60,16384,31,0,0.0,30,151.360,0.000,10559.009,93.190,10548.885,10402.720,10865.460,62.235,3.201,61.510,59.120,73.870,950.068,15.008,945.056,936.541,992.561,4867.027,32.085,4859.794,4832.915,4967.235,3221.795,31.698,3216.068,3181.883,3314.403,19660.135,92.821,19653.139,19468.629,19926.229
